Handle,Title,Body (HTML),Vendor,Product Category,Type,Tags,Published,Option1 Name,Option1 Value,Option1 Linked To,Option2 Name,Option2 Value,Option2 Linked To,Option3 Name,Option3 Value,Option3 Linked To,Variant SKU,Variant Grams,Variant Inventory Tracker,Variant Inventory Policy,Variant Fulfillment Service,Variant Price,Variant Compare At Price,Variant Requires Shipping,Variant Taxable,Unit Price Total Measure,Unit Price Total Measure Unit,Unit Price Base Measure,Unit Price Base Measure Unit,Variant Barcode,Image Src,Image Position,Image Alt Text,Gift Card,SEO Title,SEO Description,Google Shopping / Google Product Category,Google Shopping / Gender,Google Shopping / Age Group,Google Shopping / MPN,Google Shopping / Condition,Google Shopping / Custom Product,Google Shopping / Custom Label 0,Google Shopping / Custom Label 1,Google Shopping / Custom Label 2,Google Shopping / Custom Label 3,Google Shopping / Custom Label 4,Collapsible Row Heading 1 (product.metafields.custom.collapsible_row_heading_1),Collapsible Row Heading 2 (product.metafields.custom.collapsible_row_heading_2),Collapsible Row Heading 3 (product.metafields.custom.collapsible_row_heading_3),Description Tab (product.metafields.custom.description_tab),Meaning (product.metafields.custom.meaning),Pre-oder Message (product.metafields.custom.pre_oder_message),Test (product.metafields.custom.test),theme.upsell (product.metafields.custom.theme_upsell),title (product.metafields.custom.title),Google: Custom Product (product.metafields.mm-google-shopping.custom_product),Product rating count (product.metafields.reviews.rating_count),Age group (product.metafields.shopify.age-group),Bracelet design (product.metafields.shopify.bracelet-design),Color (product.metafields.shopify.color-pattern),Decoration material (product.metafields.shopify.decoration-material),Jewelry material (product.metafields.shopify.jewelry-material),Jewelry type (product.metafields.shopify.jewelry-type),Target gender (product.metafields.shopify.target-gender),Complementary products (product.metafields.shopify--discovery--product_recommendation.complementary_products),Related products (product.metafields.shopify--discovery--product_recommendation.related_products),Related products settings (product.metafields.shopify--discovery--product_recommendation.related_products_display),Search product boosts (product.metafields.shopify--discovery--product_search_boost.queries),Variant Image,Variant Weight Unit,Variant Tax Code,Cost per item,Status
the-compassion-bracelet,The Compassion Bracelet,<p><span>This bracelet balances <strong>CLARITY</strong> with <strong>COMPASSION</strong>. </span><span><strong>KYANITE</strong> helps you stay focused and true; <strong>ROSE QUARTZ </strong>reminds you to lead with love. Wear it when you want to speak your truth with kindness and strength.</span></p>,XO Maria Louise,Apparel & Accessories > Jewelry > Bracelets,"",Bracelet,true,Title,Default Title,,,,,,,,,0.0,shopify,deny,manual,149.00,,true,true,,,,,"",https://cdn.shopify.com/s/files/1/0664/7198/5288/files/KyaniteandRoseQuartz.png?v=1762372431,1,"",false,,,191,,adult,,,,,,,,,,,,,,,,,,,,adults,beaded,blue-1,,,imitation-jewelry,unisex,,,,,,lb,,,active
the-purpose-transformation-bracelet-copy,The Bold Dreams Bracelet,"<p>This bracelet transforms passion into purpose.</p>
<p><strong>RUBY</strong> awakens your drive and <strong>TANZANITE</strong> elevates your vision. Wear this bracelet when you're ready to rise, evolve and turn your <strong>BOLDEST DREAMS</strong> into your new reality.</p>
<p>Small Tanzanite beads with faceted Ruby beads</p>",XO Maria Louise,Apparel & Accessories > Jewelry > Bracelets,"","Bracelet, New Arrivals",true,Color,grey-tanzanite,product.metafields.shopify.color-pattern,,,,,,,,0.0,shopify,deny,manual,139.00,,true,true,,,,,"",https://cdn.shopify.com/s/files/1/0664/7198/5288/files/small_tanz_and_ruby.pgn.png?v=1764035477,1,"",false,,,191,,,,,,,,,,,,,,,"Vitality, Passion, Power",,,purple-tanzanite-with-gold-balls,Wear This to Transform Passion into Purpose,,,,,grey-tanzanite,,,,,,,,,,lb,,,active
the-unbreakable-strength-bracelet,The Unbreakable Strength Bracelet,"<p><meta charset=""UTF-8""><span><strong>BLACK ONYX </strong>anchors your power. This bracelet shields your energy, sharpens your focus, and <strong>FUELS YOUR DETERMINATION </strong>to keep going. Wear it when you’re ready to lead with strength and unstoppable resolve.</span></p>",XO Maria Louise,Apparel & Accessories > Jewelry > Bracelets,"","Bracelet, New Arrivals",true,Color,black,product.metafields.shopify.color-pattern,,,,,,,,0.0,shopify,deny,manual,119.00,,true,true,,,,,"",https://cdn.shopify.com/s/files/1/0664/7198/5288/files/BlackOnyx-NoCharm.png?v=1762369045,1,"",false,,,191,,adult,,,,,,,,,,,,,"Energy, Strength, Determination",,,citrine-14k-gold,Wear This for Determination,,,adults,beaded,black,,,,unisex,,,,,,lb,,,active
the-peace-bracelet,The Peace Bracelet,"<p><meta charset=""utf-8""><span data-sheets-root=""1""><strong>RAINBOW TOURMALINE</strong> is the gemstone of <strong>HARMONY </strong>and <strong>BALANCE</strong>, aligning your energy and helping you find peace amidst life’s chaos. Wear this bracelet as a reminder of your ability to stay grounded, centered, and strong no matter what comes your way.</span></p>",XO Maria Louise,Apparel & Accessories > Jewelry > Bracelets,"","Bracelet, New Arrivals",true,Color,rainbow-tourmaline,product.metafields.shopify.color-pattern,,,,,,,,0.0,shopify,deny,manual,119.00,,true,true,,,,,"",https://cdn.shopify.com/s/files/1/0664/7198/5288/files/Rainbowtourmaline-brighter.png?v=1764036209,1,"",false,,,191,,adult,,,,,,,,,,,,,"Harmony, Balance, Strength",,,malachite-diamond,Wear This For Balance,,,adults,beaded,rainbow-tourmaline,,,imitation-jewelry,unisex,,,,,,lb,,,active
ruby-1,The Passion Bracelet,"<p><meta charset=""utf-8""><span><strong>RUBY</strong> doesn’t whisper—it roars. This bracelet charges your <strong>CONFIDENCE</strong>, turns up the heat on your desires, and dares you to go after what sets your soul on fire. Wear it when you’re ready to pursue all of your<strong> PASSIONS</strong>.</span></p>
<p><span>These are faceted raw rubies. </span></p>",XO Maria Louise,Apparel & Accessories > Jewelry > Bracelets,"","Bracelet, New Arrivals",true,Color,ruby,product.metafields.shopify.color-pattern,,,,,,,,0.0,shopify,deny,manual,149.00,,true,true,,,,,"",https://cdn.shopify.com/s/files/1/0664/7198/5288/files/Ruby_brighter.png?v=1764037040,1,"",false,,,191,,adult,,,,,,,,,,,,,"Confidence, Passion, Desire",,,blue-sapphire-diamond,Wear This For Confidence,,,adults,beaded,ruby,,,,unisex,,,,,,lb,,,active
the-empowered-bracelet,The Empowered Bracelet,"<p><meta charset=""utf-8""><span><strong>MALACHITE</strong> doesn't ask—it insists. This gemstone clears what no longer serves you and fuels your rise. Wear this bracelet when you’re ready to <strong>BREAK CYCLES</strong>, heal forward, and lead with <strong>EMPOWERED </strong>truth. You didn’t come this far to play small—</span><span>you came to win!</span></p>",XO Maria Louise,Apparel & Accessories > Jewelry > Bracelets,"","Bracelet, New Arrivals",true,Color,malachite,product.metafields.shopify.color-pattern,,,,,,,,0.0,shopify,deny,manual,149.00,,true,true,,,,,"",https://cdn.shopify.com/s/files/1/0664/7198/5288/files/Malachitenocharm.png?v=1762367261,1,"",false,The Empowered Bracelet - Malachite,,191,,,,,,,,,,,,,,,"Transformation, Healing, Empowerment",,,kyanite-love-dove,Wear This for Empowerment,,,,,malachite,,,fine-jewelry,,,,,,,lb,,,active
the-self-love-bracelet,The Self Love Bracelet,"<p><meta charset=""utf-8""><span data-sheets-root=""1""><strong>ROSE QUARTZ</strong> opens your heart without asking for permission. It reminds you to <strong>LOVE</strong> yourself fully, forgive deeply, and lead with compassion. Wear it as a daily act of self-love—and watch how the world reflects it back.</span></p>",XO Maria Louise,Apparel & Accessories > Jewelry > Bracelets,"","Bracelet, New Arrivals",true,Color,rose-quartz,product.metafields.shopify.color-pattern,,,,,,,,0.0,shopify,deny,manual,89.00,,true,true,,,,,"",https://cdn.shopify.com/s/files/1/0664/7198/5288/files/Rose_Quartz_no_balls_brighter.png?v=1762720285,1,"",false,,,191,,adult,,,,,,,,,,,,,"Self-Love, Compassion, Forgiveness",,,kyanite-diamond,Wear This For Self Love,,,adults,beaded,rose-quartz,,,fine-jewelry; imitation-jewelry,unisex,,,,,,lb,,,active
the-self-love-bracelet-with-14k-gold-balls,The Self Love Bracelet with 14K Gold Balls,"<p><meta charset=""utf-8""><span data-sheets-root=""1""><strong>ROSE QUARTZ</strong> opens your heart without asking for permission. It reminds you to <strong>LOVE</strong> yourself fully, forgive deeply, and lead with compassion. Wear it as a daily act of self-love—and watch how the world reflects it back.</span></p>",XO Maria Louise,Apparel & Accessories > Jewelry > Bracelets,"","Bracelet, New Arrivals",true,Color,rose-quartz,product.metafields.shopify.color-pattern,,,,,,,,0.0,shopify,deny,manual,149.00,,true,true,,,,,"",https://cdn.shopify.com/s/files/1/0664/7198/5288/files/Rose_Quartz_with_gold_balls_brighter.png?v=1762720328,1,"",false,,,191,,adult,,,,,,,,,,,,,"Self-Love, Compassion, Forgiveness",,,blue-sapphire-with-diamonds-and-gold-balls,Wear This For Self Love,,,all-ages,beaded,rose-quartz,,14-k-gold,,unisex,,,,,,lb,,,active
the-protector-bracelet,The Protector Bracelet,"<p><strong>TURQUOISE</strong> is more than beautiful, it’s your<strong> GUARDIAN</strong>. This bracelet protects your energy, calms your spirit, and blocks out the noise so you can move through the world with ease and grace.</p>
<p>Wear it as your sacred shield, steady, strong, and unapologetically you.</p>",XO Maria Louise,Apparel & Accessories > Jewelry > Bracelets,"","Bracelet, New Arrivals",true,Color,turquoise,product.metafields.shopify.color-pattern,,,,,,,,0.0,shopify,deny,manual,119.00,,true,true,,,,,"",https://cdn.shopify.com/s/files/1/0664/7198/5288/files/Tourquooise-NoCharm.png?v=1762353796,1,"",false,,,191,,,,,,,,,,,,,,,"Peace, Protection",,,kyanite-love-dove,Wear This As Your Sacred Shield,,,,,turquoise,,,,,,,,,,lb,,,active
the-purpose-transformation-bracelet,The Bold Dreams Bracelet,"<p>This bracelet transforms passion into purpose.</p>
<p><strong>RUBY</strong> awakens your drive and <strong>TANZANITE</strong> elevates your vision. Wear this bracelet when you're ready to rise, evolve and turn your <strong>BOLDEST DREAMS</strong> into your new reality.</p>
<p>Large Tanzanite beads with faceted Ruby beads</p>",XO Maria Louise,Apparel & Accessories > Jewelry > Bracelets,"","Bracelet, New Arrivals",true,Title,Default Title,,,,,,,,,0.0,shopify,deny,manual,169.00,,true,true,,,,,"",https://cdn.shopify.com/s/files/1/0664/7198/5288/files/large_tanz_and_ruby.png?v=1764035337,1,"",false,,,191,,,,,,,,,,,,,,,"Passion, Clarity, Purpose",,,malachite-diamond,Wear This to Transform Passion into Purpose,,,,,grey-tanzanite,,,,,,,,,,lb,,,active
the-wisdom-bracelet-no-charm,The Wisdom Bracelet,"<p><meta charset=""utf-8""><strong>AMETHYST</strong> raises your frequency. This gemstone sharpens your intuition and calms your spirit, helping you move with <strong>WISDOM</strong> and grace. Wear it to access the higher version of you—the one who already knows.</p>",XO Maria Louise,Apparel & Accessories > Jewelry > Bracelets,"","Bracelet, New Arrivals",true,Color,purple,product.metafields.shopify.color-pattern,,,,,,,,0.0,shopify,deny,manual,110.00,,true,true,,,,,"",https://cdn.shopify.com/s/files/1/0664/7198/5288/files/Amathystnocharm.png?v=1762352357,1,"",false,,,191,,,,,,,,,,,,,,,"Intuition, Wisdom, Calm",,,ruby-1,Wear This For Your Highest Self,,,,,purple,,,,,,,,,,lb,,,active
the-self-love-bracelet-with-14k-gold-balls-xo-charm,The Self-Love Bracelet - with 14k Gold Balls & XO Charm,"<p><meta charset=""utf-8""><span data-sheets-root=""1""><strong>ROSE QUARTZ</strong> opens your heart without asking for permission. It reminds you to <strong>LOVE</strong> yourself fully, forgive deeply, and lead with compassion. Wear it as a daily act of self-love—and watch how the world reflects it back.</span></p>",XO Maria Louise,Apparel & Accessories > Jewelry > Bracelets,"","Bracelet, New Arrivals",true,Color,rose-quartz,product.metafields.shopify.color-pattern,,,,,,,,0.0,shopify,deny,manual,349.00,,true,true,,,,,"",https://cdn.shopify.com/s/files/1/0664/7198/5288/files/Rose_Quartz_with_gold_balls_and_XO_brighter.png?v=1762720907,1,"",false,,,191,,,,,,,,,,,,,,,"Self-Love, Compassion, Forgiveness",,,kyanite-1,Wear This For Self-Love,,,,,rose-quartz,,,,,,,,,,lb,,,active
curate-an-intentional-stack-and-recieve-10-off,Curate Your Stack For 10% Off,"<p>Set your intention and curate your favorite XO Maria Louise products for 10% off your bundle. </p>
    <div style=""border: 2px dashed red; padding: 10px;"" class=""byob-bundle-description-warning"">
        <p><strong>Note: (Not visible on storefront)<br></strong></p>
        <ol>
            <li>Do not change the product options. Otherwise, this bundle cannot work.<br>
</li>
            <li>Deleting or turning this bundle product to draft will stop the bundle from working.<br>
</li>
        </ol>
    </div>
",BYOB,Uncategorized,BYOB,BYOB display,true,Title,Default Title,,,,,,,,,0.0,,continue,manual,100.00,,true,true,,,,,,https://cdn.shopify.com/s/files/1/0664/7198/5288/files/HB__8722.jpg?v=1761277917,1,"",false,,,,,,,,,,,,,,,,,,,,,,,,,,,,,,,,,,,,,lb,,,unlisted
curate-an-intentional-stack-and-recieve-10-off,,,,,,,,,,,,,,,,,,,,,,,,,,,,,,,https://cdn.shopify.com/s/files/1/0664/7198/5288/files/4_89b01226-8db5-4fe6-80cc-c89c5e176768.png?v=1761282814,2,"",,,,,,,,,,,,,,,,,,,,,,,,,,,,,,,,,,,,,,,,,
curate-an-intentional-stack-and-recieve-10-off,,,,,,,,,,,,,,,,,,,,,,,,,,,,,,,https://cdn.shopify.com/s/files/1/0664/7198/5288/files/13.png?v=1761282834,3,"",,,,,,,,,,,,,,,,,,,,,,,,,,,,,,,,,,,,,,,,,
free-gift-selenite-heart-bowl,Selenite Heart Bowl,"<p>We want your XO bracelet to feel as powerful every time you wear it as the day you first put it on. That’s why ,for a limited time, every bracelet purchase comes with a complimentary Selenite Heart Bowl, the perfect place to rest and recharge your gemstones when you’re not wearing them.</p>",XO Maria Louise,Home & Garden > Decor > Decorative Bowls,Bracelet,free-gift,true,Title,Default Title,,,,,,,,,0.0,shopify,deny,manual,0.00,,true,true,,,,,"",https://cdn.shopify.com/s/files/1/0664/7198/5288/files/Selenite.jpg?v=1758718171,1,"",false,,,,,,,,,,,,,,,,,,,,,,,,,,,white,stone,,,,,,,,,lb,,,unlisted
turquoise-14k-gold,The Protector Bracelet - 14k Gold XO,"<p><strong>TURQUOISE</strong> is more than beautiful, it’s your<strong> GUARDIAN</strong>. This bracelet protects your energy, calms your spirit, and blocks out the noise so you can move through the world with ease and grace.</p>
<p>Wear it as your sacred shield, steady, strong, and unapologetically you.</p>",XO Maria Louise,Apparel & Accessories > Jewelry > Bracelets,Bracelet,"14k, Bracelet, Gold, New Arrivals",true,Color,turquoise,product.metafields.shopify.color-pattern,,,,,,,,0.0,shopify,deny,manual,285.00,,true,true,,,,,"",https://cdn.shopify.com/s/files/1/0664/7198/5288/files/Turquoise.jpg?v=1758074056,1,"",false,,,,,adult,,,,,,,,,,,,,"Peace, Protection",,,blue-sapphire-diamond,Wear This As Your Sacred Shield,,,adults,beaded,turquoise,,gold,fine-jewelry,unisex,,,,,,lb,,285.00,active
grey-tanzanite-gold,The Rebirth Bracelet - 14k Gold,"<p><span data-sheets-root=""1""><strong>TANZANITE</strong> doesn’t wait for permission. It pushes you into the next chapter with courage, and high-vibe energy. Wear it when you’re ready to <strong>TRANSFORM</strong>, speak up, and step into your power.</span></p>",XO Maria Louise,Apparel & Accessories > Jewelry > Bracelets,Bracelet,"14k, Bracelet, Gold, New Arrivals",true,Color,grey-tanzanite,product.metafields.shopify.color-pattern,,,,,,,,0.0,shopify,deny,manual,325.00,,true,true,,,,,"",https://cdn.shopify.com/s/files/1/0664/7198/5288/files/Gold_d924030d-d514-4125-a82f-d536171f7945.jpg?v=1757642290,1,"",false,,,,,adult,,,,,,,,,,,,,"Clarity, Courage, Transformation",,,citrine-14k-gold,Wear This to Transform,,,adults,beaded; xo,grey-tanzanite,,14-k-gold,fine-jewelry,female; unisex,,,,,,lb,,,active
xo-necklace-in-14k-gold-with-natural-vs1-diamonds,The Self-Love Necklace - 14K Gold and Natural Diamonds,"<p>Our diamond-accented XO Necklace takes intention to the next level. Set in 14K gold, brilliant diamonds bring radiance and clarity to your everyday. More than jewelry, it’s a symbol of the love you carry and the light you bring into every room. Elegant, timeless, and infused with meaning—this is your reminder to shine from a place of love.</p>
<p> </p>",XO Maria Louise,Apparel & Accessories > Jewelry > Necklaces,Necklace,"Diamond, Necklace, pre order",true,Jewelry Material,Diamond,,,,,,,,,0.0,shopify,continue,manual,1100.00,,true,true,,,,,"",https://cdn.shopify.com/s/files/1/0664/7198/5288/files/Diamond_c7483917-fba9-4829-bdde-aa13394581f7.jpg?v=1756950184,1,"",false,,"Our diamond-accented XO Necklace takes intention to the next level. Set in 14K gold, brilliant diamonds bring radiance and clarity to your everyday. More than jewelry, it’s a symbol of the love you carry and the light you bring into every room. Elegant, timeless, and infused with meaning—this is your reminder to shine from a place of love. Limited Edition",196,,,,,,,,,,,,,,"<h3>Diamonds Details:</h3>
<ul>
<li>14K gold XO pendant with VS1 Natural Diamonds  (5/16"" x 1/2"")</li>
<li>Chain length can be worn  8"" or 9"", you choose.</li>
<li>Ethically crafted with love</li>
</ul>

",,Estimated Delivery: October 6th–13th,,grey-tanzanite-gold,,,'1,,,,,,,,,,,,,lb,,,active
xo-necklace-in-14k-gold-with-natural-vs1-diamonds,,,,,,,,,,,,,,,,,,,,,,,,,,,,,,,https://cdn.shopify.com/s/files/1/0664/7198/5288/files/Diamond_4c26f0a4-a4f1-4213-a953-44c4bea6b98d.jpg?v=1756950184,2,"",,,,,,,,,,,,,,,,,,,,,,,,,,,,,,,,,,,,,,,,,
xo-necklace-in-14k-gold,The Self-Love Necklace - 14K Gold,"<p><span>Crafted in 14K gold, the XO Necklace is a timeless reminder that love is the greatest intention you can wear. Designed to rest close to your heart, it symbolizes self-love, connection, and abundance. Whether it’s a gift or a personal keepsake, this necklace ensures love is always with you—elegant, effortless, and everlasting. </span></p>
<p><span><strong>LIMITED RELEASE - </strong></span><strong>Available while supplies last.</strong></p>",XO Maria Louise,Apparel & Accessories > Jewelry > Necklaces,Necklace,"14k, Gold, Necklace, pre order",true,Jewelry Material,14k Gold,,,,,,,,,0.0,shopify,continue,manual,550.00,,true,true,,,,,"",https://cdn.shopify.com/s/files/1/0664/7198/5288/files/Gold_62ecf89e-1825-4e9f-a683-8dd38918157c.jpg?v=1756950185,1,"",false,,,196,,,,,,,,,,,,,,"<h4>14K Gold Details:</h4>
<ul>
<li>14K gold  XO pendant (5/16"" x 1/2"")</li>
<li>Chain length can be worn 8"" or 9"", you choose.</li>
<li>Ethically crafted with love</li>
</ul>",,Estimated Delivery: October 6th–13th,,blue-sapphire-with-diamonds-and-gold-balls,,,,,,,,,,,,,,,,lb,,,active
xo-necklace-in-14k-gold,,,,,,,,,,,,,,,,,,,,,,,,,,,,,,,https://cdn.shopify.com/s/files/1/0664/7198/5288/files/Gold_272e36c9-188b-44f5-9bd5-4ef4bc027519.jpg?v=1756950185,2,"",,,,,,,,,,,,,,,,,,,,,,,,,,,,,,,,,,,,,,,,,
blue-sapphire-with-diamonds-and-gold-balls,The Clarity Bracelet - Diamonds and 14k Gold Balls,"<div>
<strong>SAPPHIRE</strong><span><strong> </strong>sharpens your mind and centers your energy. This stone fuels discipline, clears distraction, and helps you move with unshakable </span><strong>CLARITY</strong><span>. Wear this when it’s time to lock in and lead.</span><br>
</div>",XO Maria Louise,Apparel & Accessories > Jewelry > Bracelets,Bracelet,"Bracelet, Gold Balls, Sapphire",true,Color,blue-sapphire,product.metafields.shopify.color-pattern,,,,,,,,0.0,shopify,deny,manual,1329.00,,true,true,,,,,"",https://cdn.shopify.com/s/files/1/0664/7198/5288/files/Diamond-with-Gold-Balls.jpg?v=1754477238,1,"",false,Sapphire With Diamonds and 14Kt Gold Balls,,,,,,,,,,,,,,,,"<p>Handmade with care, our XO bracelets feature a 6.25"" stretch cord for a comfortable fit. Crafted with the highest quality gemstones, each piece is unique, with natural variations in color. Choose from a 14kt yellow gold charm or 14kt gold with VS1 diamonds for a touch of elegance. <a href=""#"" style=""text-decoration:underline;text-underline-offset:3px;"">Custom sizes available upon request.</a></p>","Discipline, Clarity, Focus",,,amethyst-love-dove,Wear This to Lock In,,,,,blue-sapphire,,,,,,,,,,lb,,,active
blue-sapphire-with-diamonds-and-gold-balls,,,,,,,,,,,,,,,,,,,,,,,,,,,,,,,https://cdn.shopify.com/s/files/1/0664/7198/5288/files/IMG_1624.jpg?v=1760587464,2,"",,,,,,,,,,,,,,,,,,,,,,,,,,,,,,,,,,,,,,,,,
blue-sapphire-with-diamonds-and-gold-balls,,,,,,,,,,,,,,,,,,,,,,,,,,,,,,,https://cdn.shopify.com/s/files/1/0664/7198/5288/files/IMG_2952.jpg?v=1760587464,3,"",,,,,,,,,,,,,,,,,,,,,,,,,,,,,,,,,,,,,,,,,
blue-sapphire-diamond,The Clarity Bracelet - 14k Gold XO,"<p><strong>SAPPHIRE </strong>sharpens your mind and centers your energy. This stone fuels discipline, clears distraction, and helps you move with unshakable <strong>CLARITY</strong>. Wear this when it’s time to lock in and lead.</p>",XO Maria Louise,Apparel & Accessories > Jewelry > Bracelets,Bracelet,"Bracelet, Sapphire",true,Color,blue-sapphire,product.metafields.shopify.color-pattern,,,,,,,,0.0,shopify,deny,manual,1149.00,,true,true,,,,,"",https://cdn.shopify.com/s/files/1/0664/7198/5288/files/Diamond_396e76bc-8233-4080-a235-810c36a4bc30.jpg?v=1754477120,1,"",false,,,,,adult,,,,,,,,,,,,"<p>Handmade with care, our XO bracelets feature a 6.25"" stretch cord for a comfortable fit. Crafted with the highest quality gemstones, each piece is unique, with natural variations in color. Choose from a 14kt yellow gold charm or 14kt gold with VS1 diamonds for a touch of elegance. <a href=""#"" style=""text-decoration:underline;text-underline-offset:3px;"">Custom sizes available upon request.</a></p>","Discipline, Clarity, Focus",,,amethyst-love-dove,Wear This to Lock In,,,adults,,blue-sapphire,,diamond,fine-jewelry,unisex,,,,,,lb,,,active
blue-sapphire-diamond,,,,,,,,,,,,,,,,,,,,,,,,,,,,,,,https://cdn.shopify.com/s/files/1/0664/7198/5288/files/IMG_1627.jpg?v=1754782740,2,"",,,,,,,,,,,,,,,,,,,,,,,,,,,,,,,,,,,,,,,,,
citrine-14k-gold,The Abundance Bracelet - 14k Gold,"<p><strong>Citrine</strong> doesn’t hope for abundance—it attracts it. This bracelet fuels your confidence, lights up your creativity, and draws success toward you like a magnet. Wear it when you’re ready to walk in your worth and claim everything you’ve earned.</p>",XO Maria Louise,Apparel & Accessories > Jewelry > Bracelets,Bracelet,"Bracelet, Yellow",true,Color,citrine,product.metafields.shopify.color-pattern,,,,,,,,0.0,shopify,deny,manual,279.00,,true,true,,,,,"",https://cdn.shopify.com/s/files/1/0664/7198/5288/files/2.jpg?v=1753343082,1,"",false,,,,,adult,,,,,,,,,,,,"<p>Handmade with care, our XO bracelets feature a 6.25"" stretch cord for a comfortable fit. Crafted with the highest quality gemstones, each piece is unique, with natural variations in color. Choose from a 14kt yellow gold charm or 14kt gold with VS1 diamonds for a touch of elegance. <a href=""#"" style=""text-decoration:underline;text-underline-offset:3px;"">Custom sizes available upon request.</a></p>","Abundance, Confidence, Creativity",,,blue-sapphire-diamond,Wear This For Abundance,,'1,adults,charm,citrine,,gold,fine-jewelry,unisex,,,,,,lb,,,active
citrine-14k-gold,,,,,,,,,,,,,,,,,,,,,,,,,,,,,,,https://cdn.shopify.com/s/files/1/0664/7198/5288/files/IMG_2106.jpg?v=1757036154,2,"",,,,,,,,,,,,,,,,,,,,,,,,,,,,,,,,,,,,,,,,,
purple-tanzanite-diamond,The High Vibe Bracelet - Diamond XO,"<p><span data-sheets-root=""1""><strong>TANZANITE</strong> doesn’t wait for permission. It pushes you into the next chapter with courage, and high-vibe energy. Wear it when you’re ready to <strong>TRANSFORM</strong>, speak up, and step into your power.</span></p>
<p><strong><span data-sheets-root=""1"">Purple Tanzanite </span></strong></p>",XO Maria Louise,Apparel & Accessories > Jewelry > Bracelets,Bracelet,"Bracelet, Purple, Tanzanite",true,Color,purple-tanzanite,product.metafields.shopify.color-pattern,,,,,,,,0.0,shopify,deny,manual,1149.00,,true,true,,,,,"",https://cdn.shopify.com/s/files/1/0664/7198/5288/files/Diamondd.jpg?v=1754503978,1,"",false,Tanzanite Gemstone - Diamond,,,,adult,,,,,,,,,,,,"<p>Handmade with care, our XO bracelets feature a 6.25"" stretch cord for a comfortable fit. Crafted with the highest quality gemstones, each piece is unique, with natural variations in color. Choose from a 14kt yellow gold charm or 14kt gold with VS1 diamonds for a touch of elegance. <a href=""#"" style=""text-decoration:underline;text-underline-offset:3px;"">Custom sizes available upon request.</a></p>","Clarity, Courage, Transformation",,,citrine-14k-gold,Wear This to Transform,,,adults,,purple-tanzanite,,diamond,fine-jewelry,unisex,,,,,,lb,,,active
purple-tanzanite-diamond,,,,,,,,,,,,,,,,,,,,,,,,,,,,,,,https://cdn.shopify.com/s/files/1/0664/7198/5288/files/IMG_1757-a.jpg?v=1757036941,2,"",,,,,,,,,,,,,,,,,,,,,,,,,,,,,,,,,,,,,,,,,
purple-tanzanite-diamond,,,,,,,,,,,,,,,,,,,,,,,,,,,,,,,https://cdn.shopify.com/s/files/1/0664/7198/5288/files/IMG_1631_bcd93e32-2dbc-4a59-909e-004e4cb25521.jpg?v=1757036919,3,Diamond,,,,,,,,,,,,,,,,,,,,,,,,,,,,,,,,,,,,,,,,,
purple-tanzanite-with-diamond-and-gold-balls,The High Vibe Bracelet - Diamond and Gold Balls,"<p><span data-sheets-root=""1""><em>Tanzanite</em> doesn’t wait for permission. It pushes you into the next chapter with courage, and high-vibe energy. Wear it when you’re ready to <em>transform</em>, speak up, and step into your power.</span></p>",XO Maria Louise,Apparel & Accessories > Jewelry > Bracelets,Bracelet,"Bracelet, Gold Balls, Tanzanite",true,Color,purple-tanzanite,product.metafields.shopify.color-pattern,,,,,,,,0.0,shopify,deny,manual,1429.00,,true,true,,,,,"",https://cdn.shopify.com/s/files/1/0664/7198/5288/files/Diamond_50d70dbf-d500-4e13-96ed-5991392a60e1.jpg?v=1753952423,1,"",false,,,,,adult,,,,,,,,,,,,"<p>Handmade with care, our XO bracelets feature a 6.25"" stretch cord for a comfortable fit. Crafted with the highest quality gemstones, each piece is unique, with natural variations in color. Choose from a 14kt yellow gold charm or 14kt gold with VS1 diamonds for a touch of elegance. <a href=""#"" style=""text-decoration:underline;text-underline-offset:3px;"">Custom sizes available upon request.</a></p>","Clarity, Courage, Transformation",,,grey-tanzanite-gold,Wear This To Transform,,'1,adults,,purple-tanzanite,,diamond-and-gold-balls,fine-jewelry,unisex,,,,,,lb,,,active
purple-tanzanite-with-diamond-and-gold-balls,,,,,,,,,,,,,,,,,,,,,,,,,,,,,,,https://cdn.shopify.com/s/files/1/0664/7198/5288/files/IMG_1757-a.jpg?v=1757036941,2,"",,,,,,,,,,,,,,,,,,,,,,,,,,,,,,,,,,,,,,,,,
purple-tanzanite-with-diamond-and-gold-balls,,,,,,,,,,,,,,,,,,,,,,,,,,,,,,,https://cdn.shopify.com/s/files/1/0664/7198/5288/files/IMG_1635.jpg?v=1757036941,3,"",,,,,,,,,,,,,,,,,,,,,,,,,,,,,,,,,,,,,,,,,
amethyst-love-dove,Amethyst - Love Dove,"<blockquote></blockquote>
<p><strong>AMETHYST</strong> raises your frequency. This gemstone sharpens your intuition and calms your spirit, helping you move with <strong>WISDOM</strong> and grace. Wear it to access the higher version of you—the one who already knows.</p>",XO Maria Louise,Apparel & Accessories > Jewelry > Bracelets,Bracelet,Bracelet,false,Color,purple,product.metafields.shopify.color-pattern,,,,,,,"",0.0,shopify,deny,manual,229.00,,true,true,,,,,"",https://cdn.shopify.com/s/files/1/0664/7198/5288/files/amethyst-love-dove.jpg?v=1750311259,1,"",false,Amethyst Gemstone - Love Dove,,,,adult,,,,,,,,,,,,"<p>Handmade with care, our XO bracelets feature a 6.25"" stretch cord for a comfortable fit. Crafted with the highest quality gemstones, each piece is unique, with natural variations in color. Choose from a 14kt yellow gold charm or 14kt gold with VS1 diamonds for a touch of elegance. <a href=""#"" style=""text-decoration:underline;text-underline-offset:3px;"">Custom sizes available upon request.</a></p>","Intuition, Wisdom, Calm",,,blue-sapphire-diamond,Wear This For Your Highest Self,,,adults,xo; love-dove; beaded,purple,,14-k-gold-love-dove,,,,,,,,lb,,,archived
tanzanite-with-lab-diamonds-and-gold-balls,The Rebirth Bracelet with Lab Diamonds and Gold Balls,"<p><span data-sheets-root=""1"">Tanzanite represents transformation and growth. Wear it as a symbol of your journey to embrace change, evolve, and step into the fullest version of yourself.</span></p>",XO Maria Louise,Apparel & Accessories > Jewelry > Bracelets,Bracelet,"Bracelet, POS, Tanzanite",false,Color,grey-tanzanite,product.metafields.shopify.color-pattern,,,,,,,,0.0,shopify,deny,manual,929.00,,true,true,,,,,"",https://cdn.shopify.com/s/files/1/0664/7198/5288/files/Tanzanite-diamond-hand-product.jpg?v=1757692176,1,"",false,,,,,adult,,,,,,,,,,,,"<p>Handmade with care, our XO bracelets feature a 6.25"" stretch cord for a comfortable fit. Crafted with the highest quality gemstones, each piece is unique, with natural variations in color. Choose from a 14kt yellow gold charm or 14kt gold with VS1 diamonds for a touch of elegance. <a href=""#"" style=""text-decoration:underline;text-underline-offset:3px;"">Custom sizes available upon request.</a></p>","Clarity, Courage, Transformation",,,blue-sapphire-diamond,Wear This to Evolve,,,adults,beaded; charm,grey-tanzanite,,diamond-and-gold-balls,fine-jewelry,unisex,,,,,,lb,,,archived
tanzanite-with-lab-diamonds-and-gold-balls,,,,,,,,,,,,,,,,,,,,,,,,,,,,,,,https://cdn.shopify.com/s/files/1/0664/7198/5288/files/Tanzanite_b7569ac8-4c04-4b3b-9311-a032f8622133.jpg?v=1757692176,2,"",,,,,,,,,,,,,,,,,,,,,,,,,,,,,,,,,,,,,,,,,
tanzanite-with-lab-diamonds-and-gold-balls,,,,,,,,,,,,,,,,,,,,,,,,,,,,,,,https://cdn.shopify.com/s/files/1/0664/7198/5288/files/Tanzanite2_a4411c8d-cb13-477b-8739-dc9c7908cd8f.jpg?v=1753961020,3,"",,,,,,,,,,,,,,,,,,,,,,,,,,,,,,,,,,,,,,,,,
pearls-my-heart,Pearls - My Heart,"<p><span><strong>PEARLS</strong> are timeless symbols of <strong>GRACE</strong> and <strong>WISDOM</strong>, formed through patience and resilience. Wear this bracelet as a celebration of your elegance and inner strength, a reminder that beauty shines brightest from within.</span></p>",XO Maria Louise,Apparel & Accessories > Jewelry > Bracelets,Bracelet,Bracelet,false,Color,pearl,product.metafields.shopify.color-pattern,,,,,,,,0.0,shopify,deny,manual,175.00,,true,true,,,,,"",https://cdn.shopify.com/s/files/1/0664/7198/5288/files/Pearl-heart.jpg?v=1748490146,1,My Heart,false,,,,,adult,,,,,,,,,,,,"<p>Handmade with care, our XO bracelets feature a 6.25"" stretch cord for a comfortable fit. Crafted with the highest quality gemstones, each piece is unique, with natural variations in color. Choose from a 14kt yellow gold charm or 14kt gold with VS1 diamonds for a touch of elegance. <a href=""#"" style=""text-decoration:underline;text-underline-offset:3px;"">Custom sizes available upon request.</a></p>","Grace, Wisdom, Resilience",,,amethyst,Wear This for Elegance,,,adults,beaded,pearl,,gold-1; metal,imitation-jewelry; fine-jewelry,female,,,,,,lb,,,archived
pearls-love-dove,Pearls - Love Dove,"<p><span><strong>PEARLS</strong> are timeless symbols of <strong>GRACE</strong> and <strong>WISDOM</strong>, formed through patience and resilience. Wear this bracelet as a celebration of your elegance and inner strength, a reminder that beauty shines brightest from within.</span></p>",XO Maria Louise,Apparel & Accessories > Jewelry > Bracelets,Bracelet,Bracelet,false,Color,pearl,product.metafields.shopify.color-pattern,,,,,,,,0.0,shopify,continue,manual,349.00,,true,true,,,,,"",https://cdn.shopify.com/s/files/1/0664/7198/5288/files/Newdove_64a9f5d2-7d76-41f5-852d-4d873587441f.jpg?v=1750217552,1,"",false,,,,,adult,,,,,,,,,,,,"<p>Handmade with care, our XO bracelets feature a 6.25"" stretch cord for a comfortable fit. Crafted with the highest quality gemstones, each piece is unique, with natural variations in color. Choose from a 14kt yellow gold charm or 14kt gold with VS1 diamonds for a touch of elegance. <a href=""#"" style=""text-decoration:underline;text-underline-offset:3px;"">Custom sizes available upon request.</a></p>","Grace, Wisdom, Resilience",,,citrine-14k-gold,Wear This for Elegance,,,adults,beaded,pearl,,14-k-gold-love-dove,imitation-jewelry,female,,,,,,lb,,,archived
pearls-diamond,Pearls - Diamond,"<p><span><strong>PEARLS</strong> are timeless symbols of <strong>GRACE</strong> and <strong>WISDOM</strong>, formed through patience and resilience. Wear this bracelet as a celebration of your elegance and inner strength, a reminder that beauty shines brightest from within.</span></p>",XO Maria Louise,Apparel & Accessories > Jewelry > Bracelets,Bracelet,Bracelet,false,Color,pearl,product.metafields.shopify.color-pattern,,,,,,,,0.0,shopify,deny,manual,1049.00,,true,true,,,,,"",https://cdn.shopify.com/s/files/1/0664/7198/5288/files/pearls-hand-product.jpg?v=1740157771,1,"",false,,,,,adult,,,,,,,,,,,,"<p>Handmade with care, our XO bracelets feature a 6.25"" stretch cord for a comfortable fit. Crafted with the highest quality gemstones, each piece is unique, with natural variations in color. Choose from a 14kt yellow gold charm or 14kt gold with VS1 diamonds for a touch of elegance. <a href=""#"" style=""text-decoration:underline;text-underline-offset:3px;"">Custom sizes available upon request.</a></p>","Grace, Wisdom, Resilience",,,citrine-14k-gold,Wear This for Elegance,,,adults,beaded,pearl,,diamond-and-gold-balls,imitation-jewelry,female,,,,,,lb,,,archived
malachite-diamond,The Empowered - 14K and Diamond XO,"<p><span><strong>MALACHITE</strong> doesn't ask—it insists. This gemstone clears what no longer serves you and fuels your rise. Wear this bracelet when you’re ready to <strong>BREAK CYCLES</strong>, heal forward, and lead with <strong>EMPOWERED </strong>truth. You didn’t come this far to play small—</span><span>you came to win!</span></p>",XO Maria Louise,Apparel & Accessories > Jewelry > Bracelets,Bracelet,Bracelet,true,Color,malachite,product.metafields.shopify.color-pattern,,,,,,,,0.0,shopify,deny,manual,1049.00,,true,true,,,,,"",https://cdn.shopify.com/s/files/1/0664/7198/5288/files/Diamond_859dd2f4-e3d1-41bb-a5bf-bef95cfb6485.jpg?v=1753952866,1,"",false,,,,,adult,,,,,,,,,,,,"<p>Handmade with care, our XO bracelets feature a 6.25"" stretch cord for a comfortable fit. Crafted with the highest quality gemstones, each piece is unique, with natural variations in color. Choose from a 14kt yellow gold charm or 14kt gold with VS1 diamonds for a touch of elegance. <a href=""#"" style=""text-decoration:underline;text-underline-offset:3px;"">Custom sizes available upon request.</a></p>","Transformation, Healing, Empowerment",,,garnet-diamond,Wear This for Empowerment,,,adults,beaded,malachite,,diamond,imitation-jewelry,unisex,,,,,,lb,,,active
malachite-diamond,,,,,,,,,,,,,,,,,,,,,,,,,,,,,,,https://cdn.shopify.com/s/files/1/0664/7198/5288/files/Malachite2.jpg?v=1757036981,2,Diamond,,,,,,,,,,,,,,,,,,,,,,,,,,,,,,,,,,,,,,,,,
malachite-diamond,,,,,,,,,,,,,,,,,,,,,,,,,,,,,,,https://cdn.shopify.com/s/files/1/0664/7198/5288/files/2025-07-15.Maria-Weaver-XO-Studio0085.jpg?v=1757036981,3,"",,,,,,,,,,,,,,,,,,,,,,,,,,,,,,,,,,,,,,,,,
malachite-diamond,,,,,,,,,,,,,,,,,,,,,,,,,,,,,,,https://cdn.shopify.com/s/files/1/0664/7198/5288/files/malachite-hand-product-diamond.jpg?v=1757036981,4,Diamond,,,,,,,,,,,,,,,,,,,,,,,,,,,,,,,,,,,,,,,,,
kyanite-love-dove,The Motivation Bracelet - Love Dove,"<p><strong style=""font-size: 0.875rem;"">KYANITE</strong><span style=""font-size: 0.875rem;""> cuts through the noise and sharpens your <strong>FOCUS.</strong> Wear this gemstone when you need direction, drive, and the strength to keep going. It doesn’t just balance your energy—it fuels your </span><strong style=""font-size: 0.875rem;"">PERSEVERANCE</strong><span style=""font-size: 0.875rem;""> and moves you forward with purpose. Let it guide your next bold step.</span><br></p>",XO Maria Louise,Apparel & Accessories > Jewelry > Charms & Pendants,Bracelet,Bracelet,true,Color,kyanite,product.metafields.shopify.color-pattern,,,,,,,,0.0,shopify,deny,manual,289.00,,true,true,,,,,"",https://cdn.shopify.com/s/files/1/0664/7198/5288/files/Love-Dove.jpg?v=1753963676,1,"",false,,,,,adult,,,,,,,,,,,,"<p>Handmade with care, our XO bracelets feature a 6.25"" stretch cord for a comfortable fit. Crafted with the highest quality gemstones, each piece is unique, with natural variations in color. Choose from a 14kt yellow gold charm or 14kt gold with VS1 diamonds for a touch of elegance. <a href=""#"" style=""text-decoration:underline;text-underline-offset:3px;"">Custom sizes available upon request.</a></p>","Focus, Drive, Perseverance",,,pearls-14k-gold,Wear for Bold Focus,,,adults,,kyanite,,14-k-gold-love-dove,imitation-jewelry,unisex,,,,,,lb,,,active
kyanite-love-dove,,,,,,,,,,,,,,,,,,,,,,,,,,,,,,,https://cdn.shopify.com/s/files/1/0664/7198/5288/files/love-dove-kyanite.jpg?v=1753963676,2,"",,,,,,,,,,,,,,,,,,,,,,,,,,,,,,,,,,,,,,,,,
kyanite-diamond,The Motivation Bracelet - Diamond,"<p><strong style=""font-size: 0.875rem;"">KYANITE</strong><span style=""font-size: 0.875rem;""> cuts through the noise and sharpens your <strong>FOCUS.</strong> Wear this gemstone when you need direction, drive, and the strength to keep going. It doesn’t just balance your energy—it fuels your </span><strong style=""font-size: 0.875rem;"">PERSEVERANCE</strong><span style=""font-size: 0.875rem;""> and moves you forward with purpose. Let it guide your next bold step.</span><br></p>",XO Maria Louise,Apparel & Accessories > Jewelry > Charms & Pendants,Bracelet,Bracelet,true,Color,kyanite,product.metafields.shopify.color-pattern,,,,,,,,0.0,shopify,deny,manual,1029.00,,true,true,,,,,"",https://cdn.shopify.com/s/files/1/0664/7198/5288/files/Diamond_4d715747-6c19-4a39-9757-a7e63efd6eea.jpg?v=1753953090,1,"",false,Kyanite Gemstone - Diamond Bracelet,,,,adult,,,,,,,,,,,,"<p>Handmade with care, our XO bracelets feature a 6.25"" stretch cord for a comfortable fit. Crafted with the highest quality gemstones, each piece is unique, with natural variations in color. Choose from a 14kt yellow gold charm or 14kt gold with VS1 diamonds for a touch of elegance. <a href=""#"" style=""text-decoration:underline;text-underline-offset:3px;"">Custom sizes available upon request.</a></p>","Focus, Drive, Perseverance",,,blue-sapphire-with-diamonds-and-gold-balls,Wear for Bold Focus,,,adults,,kyanite,,diamond,imitation-jewelry,unisex,,,,,,lb,,,active
kyanite-diamond,,,,,,,,,,,,,,,,,,,,,,,,,,,,,,,https://cdn.shopify.com/s/files/1/0664/7198/5288/files/kyanite-diamond-hand-product.jpg?v=1753953092,2,Diamond,,,,,,,,,,,,,,,,,,,,,,,,,,,,,,,,,,,,,,,,,
kyanite-diamond,,,,,,,,,,,,,,,,,,,,,,,,,,,,,,,https://cdn.shopify.com/s/files/1/0664/7198/5288/files/Kyanite-Diamonod.jpg?v=1753953092,3,Diamond,,,,,,,,,,,,,,,,,,,,,,,,,,,,,,,,,,,,,,,,,
kyanite-diamond,,,,,,,,,,,,,,,,,,,,,,,,,,,,,,,https://cdn.shopify.com/s/files/1/0664/7198/5288/files/kyanite-diamond-body.jpg?v=1753953092,4,Diamond,,,,,,,,,,,,,,,,,,,,,,,,,,,,,,,,,,,,,,,,,
garnet-diamond,Garnet - Diamond,"<p><span><strong>RED GARNET</strong> lights a fire under your purpose. This bracelet grounds you in your truth, fuels your <strong>VITALITY</strong>, and energizes your path forward. Wear it to reconnect with your power, your passion, and your unshakable will.</span></p>",XO Maria Louise,Apparel & Accessories > Jewelry > Charms & Pendants,Bracelet,Bracelet,false,Color,garnet,product.metafields.shopify.color-pattern,,,,,,,,0.0,shopify,deny,manual,1149.00,,true,true,,,,,"",https://cdn.shopify.com/s/files/1/0664/7198/5288/files/garnet-diamond-hand-product.jpg?v=1750199818,1,Diamond,false,,,,,adult,,,,,,,,,,,,"<p>Handmade with care, our XO bracelets feature a 6.25"" stretch cord for a comfortable fit. Crafted with the highest quality gemstones, each piece is unique, with natural variations in color. Choose from a 14kt yellow gold charm or 14kt gold with VS1 diamonds for a touch of elegance. <a href=""#"" style=""text-decoration:underline;text-underline-offset:3px;"">Custom sizes available upon request.</a></p>","Vitality, Passion, Power",,,tanzanite,Wear This For Your Power,,,adults,,garnet,,diamond,imitation-jewelry,unisex,,,,,,lb,,,archived
garnet-diamond,,,,,,,,,,,,,,,,,,,,,,,,,,,,,,,https://cdn.shopify.com/s/files/1/0664/7198/5288/files/Garnet2_dc09032e-e653-4233-9dcd-92aff6b4f454.jpg?v=1757036504,2,14k Gold,,,,,,,,,,,,,,,,,,,,,,,,,,,,,,,,,,,,,,,,,
purple-tanzanite-with-gold-balls,The High Vibe Bracelet - Gold Balls,"<p><span data-sheets-root=""1""><strong>TANZANITE</strong> doesn’t wait for permission. It pushes you into the next chapter with courage, and high-vibe energy. Wear it when you’re ready to <strong>TRANSFORM</strong>, speak up, and step into your power.</span></p>",XO Maria Louise,Apparel & Accessories > Jewelry > Bracelets,Bracelet,"Bracelet, Gold Balls, Tanzanite",true,Color,purple-tanzanite,product.metafields.shopify.color-pattern,,,,,,,,0.0,shopify,deny,manual,729.00,,true,true,,,,,"",https://cdn.shopify.com/s/files/1/0664/7198/5288/files/XO_3fa737da-f505-4216-b57b-26b69ebbacad.jpg?v=1753952420,1,"",false,,,,,adult,,,,,,,,,,,,"<p>Handmade with care, our XO bracelets feature a 6.25"" stretch cord for a comfortable fit. Crafted with the highest quality gemstones, each piece is unique, with natural variations in color. Choose from a 14kt yellow gold charm or 14kt gold with VS1 diamonds for a touch of elegance. <a href=""#"" style=""text-decoration:underline;text-underline-offset:3px;"">Custom sizes available upon request.</a></p>","Clarity, Courage, Transformation",,,amethyst,Wear This to Transform,,,adults,,purple-tanzanite,,,fine-jewelry,unisex,,,,,,lb,,,active
purple-tanzanite-with-gold-balls,,,,,,,,,,,,,,,,,,,,,,,,,,,,,,,https://cdn.shopify.com/s/files/1/0664/7198/5288/files/IMG_1637.jpg?v=1753952420,2,"",,,,,,,,,,,,,,,,,,,,,,,,,,,,,,,,,,,,,,,,,
purple-tanzanite,The High Vibe Bracelet - 14k Gold,"<p><span data-sheets-root=""1""><strong>TANZANITE</strong> doesn’t wait for permission. It pushes you into the next chapter with courage, and high-vibe energy. Wear it when you’re ready to <strong>TRANSFORM</strong>, speak up, and step into your power.</span></p>",XO Maria Louise,Apparel & Accessories > Jewelry > Rings,Bracelet,"Bracelet, Purple, Tanzanite",true,Color,purple-tanzanite,product.metafields.shopify.color-pattern,,,,,,,,0.0,shopify,deny,manual,425.00,,true,true,,,,,"",https://cdn.shopify.com/s/files/1/0664/7198/5288/files/XO1.jpg?v=1753952426,1,"",false,,,,,adult,,,,,,,,,,,,"<p>Handmade with care, our XO bracelets feature a 6.25"" stretch cord for a comfortable fit. Crafted with the highest quality gemstones, each piece is unique, with natural variations in color. Choose from a 14kt yellow gold charm or 14kt gold with VS1 diamonds for a touch of elegance. <a href=""#"" style=""text-decoration:underline;text-underline-offset:3px;"">Custom sizes available upon request.</a></p>","Clarity, Courage, Transformation",,,blue-sapphire-diamond,Wear This to Transform,,,adults,,purple-tanzanite,,14-k-gold,fine-jewelry,unisex,,,,,,lb,,,active
purple-tanzanite,,,,,,,,,,,,,,,,,,,,,,,,,,,,,,,https://cdn.shopify.com/s/files/1/0664/7198/5288/files/IMG_1633_e3d37ff3-7617-4c14-ba2b-fca0ad85f57b.jpg?v=1753952426,2,XO,,,,,,,,,,,,,,,,,,,,,,,,,,,,,,,,,,,,,,,,,
ruby-copy,The Passion Bracelet - 14K Gold Love Dove,"<p><span><strong>RUBY</strong> doesn’t whisper—it roars. This bracelet charges your <strong>CONFIDENCE</strong>, turns up the heat on your desires, and dares you to go after what sets your soul on fire. Wear it when you’re ready to pursue all of your<strong> PASSIONS</strong>.</span></p>",XO Maria Louise,Apparel & Accessories > Jewelry > Bracelets,Bracelet,Bracelet,true,Color,ruby,product.metafields.shopify.color-pattern,,,,,,,,0.0,shopify,deny,manual,349.00,,true,true,,,,,"",https://cdn.shopify.com/s/files/1/0664/7198/5288/files/Dove_1f8acf89-759d-407c-b9d2-73f5257411cd.jpg?v=1753951984,1,"",false,Ruby Gemstone With Love Dove Charm,,,,adult,,,,,,,,,,,,"<p>Handmade with care, our XO bracelets feature a 6.25"" stretch cord for a comfortable fit. Crafted with the highest quality gemstones, each piece is unique, with natural variations in color. Choose from a 14kt yellow gold charm or 14kt gold with VS1 diamonds for a touch of elegance. <a href=""#"" style=""text-decoration:underline;text-underline-offset:3px;"">Custom sizes available upon request.</a></p>","Confidence, Passion, Desire",,,blue-sapphire-diamond,Wear This For Confidence,,,adults,beaded,ruby,,14-k-gold-love-dove,imitation-jewelry,unisex,,,,,,lb,,,active
ruby-copy,,,,,,,,,,,,,,,,,,,,,,,,,,,,,,,https://cdn.shopify.com/s/files/1/0664/7198/5288/files/ruby-love-dove.jpg?v=1753951984,2,"",,,,,,,,,,,,,,,,,,,,,,,,,,,,,,,,,,,,,,,,,
ruby-copy,,,,,,,,,,,,,,,,,,,,,,,,,,,,,,,https://cdn.shopify.com/s/files/1/0664/7198/5288/files/IMG_1681_1a091a07-a7a5-4b37-94b6-1eda2f9c06b5.jpg?v=1753951984,3,"",,,,,,,,,,,,,,,,,,,,,,,,,,,,,,,,,,,,,,,,,
kyanite-with-lab-diamonds,Kyanite with Lab Diamonds,"<style type=""text/css""><!--td {border: 1px solid #cccccc;}br {mso-data-placement:same-cell;}--></style>
<p><span data-sheets-root=""1"">Kyanite is the gemstone of perseverance. May it remind you to push through challenges with unwavering determination and grace. You got this!</span></p>",XO Maria Louise,Apparel & Accessories > Jewelry > Bracelets,Bracelet,"Bracelet, Kyanite, POS",false,Color,kyanite,product.metafields.shopify.color-pattern,,,,,,,,0.0,shopify,deny,manual,759.00,,true,true,,,,,"",https://cdn.shopify.com/s/files/1/0664/7198/5288/files/Diamond_2269c30b-412b-435d-aa2f-647c415da013.jpg?v=1753953092,1,"",false,,,,,adult,,,,,,,,,,,,"<p>Handmade with care, our XO bracelets feature a 6.25"" stretch cord for a comfortable fit. Crafted with the highest quality gemstones, each piece is unique, with natural variations in color. Choose from a 14kt yellow gold charm or 14kt gold with VS1 diamonds for a touch of elegance. <a href=""#"" style=""text-decoration:underline;text-underline-offset:3px;"">Custom sizes available upon request.</a></p>","Focus, Drive, Perseverance",,,,Wear for Bold Focus,,,adults,beaded,kyanite,,diamond,imitation-jewelry,unisex,,,,,,lb,,,archived
kyanite-with-lab-diamonds,,,,,,,,,,,,,,,,,,,,,,,,,,,,,,,https://cdn.shopify.com/s/files/1/0664/7198/5288/files/kyanite-diamond-hand-product.jpg?v=1753953092,2,Diamond,,,,,,,,,,,,,,,,,,,,,,,,,,,,,,,,,,,,,,,,,
kyanite-with-lab-diamonds,,,,,,,,,,,,,,,,,,,,,,,,,,,,,,,https://cdn.shopify.com/s/files/1/0664/7198/5288/files/Kyanite-Diamonod.jpg?v=1753953092,3,Diamond,,,,,,,,,,,,,,,,,,,,,,,,,,,,,,,,,,,,,,,,,
kyanite-with-lab-diamonds,,,,,,,,,,,,,,,,,,,,,,,,,,,,,,,https://cdn.shopify.com/s/files/1/0664/7198/5288/files/kyanite-diamond-body.jpg?v=1753953092,4,Diamond,,,,,,,,,,,,,,,,,,,,,,,,,,,,,,,,,,,,,,,,,
malachite-with-lab-diamonds,Malachite with Lab Diamonds,"<style type=""text/css""><!--td {border: 1px solid #cccccc;}br {mso-data-placement:same-cell;}--></style>
<p><span>Malachite is the gemstone of transformation and empowerment, encouraging you to embrace change, unlock your potential, and take charge of your destiny. Wear this bracelet as a reminder of your strength and your ability to create the life you deserve.</span></p>",XO Maria Louise,Apparel & Accessories > Jewelry > Bracelets,Bracelet,"Bracelet, Malachite, POS",false,Color,malachite,product.metafields.shopify.color-pattern,,,,,,,,0.0,shopify,deny,manual,779.00,,true,true,,,,,"",https://cdn.shopify.com/s/files/1/0664/7198/5288/files/Diamond_b0591c2e-f630-42be-9642-de9dd7b0cae6.jpg?v=1753962055,1,"",false,,,,,,,,,,,,,,,,,"<p>Handmade with care, our XO bracelets feature a 6.25"" stretch cord for a comfortable fit. Crafted with the highest quality gemstones, each piece is unique, with natural variations in color. Choose from a 14kt yellow gold charm or 14kt gold with VS1 diamonds for a touch of elegance. <a href=""#"" style=""text-decoration:underline;text-underline-offset:3px;"">Custom sizes available upon request.</a></p>","Transformation, Healing, Empowerment",,,garnet-with-lab-diamonds,Wear This for Empowerment,,,,beaded,malachite,,diamond,imitation-jewelry,,,,,,,lb,,,archived
malachite-with-lab-diamonds,,,,,,,,,,,,,,,,,,,,,,,,,,,,,,,https://cdn.shopify.com/s/files/1/0664/7198/5288/files/malachite-hand-product-diamond.jpg?v=1757036981,2,Diamond,,,,,,,,,,,,,,,,,,,,,,,,,,,,,,,,,,,,,,,,,
malachite-with-lab-diamonds,,,,,,,,,,,,,,,,,,,,,,,,,,,,,,,https://cdn.shopify.com/s/files/1/0664/7198/5288/files/Malachite-diamond.jpg?v=1753962055,3,Diamond,,,,,,,,,,,,,,,,,,,,,,,,,,,,,,,,,,,,,,,,,
malachite-with-lab-diamonds,,,,,,,,,,,,,,,,,,,,,,,,,,,,,,,https://cdn.shopify.com/s/files/1/0664/7198/5288/files/Malachite2.jpg?v=1757036981,4,Diamond,,,,,,,,,,,,,,,,,,,,,,,,,,,,,,,,,,,,,,,,,
garnet-with-lab-diamonds,Garnet with Lab Diamonds,"<style type=""text/css""><!--td {border: 1px solid #cccccc;}br {mso-data-placement:same-cell;}--></style>
<p><span>Garnet is the gemstone of vitality, igniting your inner strength and energizing your spirit. Wear this bracelet as a reminder to live boldly, embrace your power, and radiate your unique light to the world.</span></p>",XO Maria Louise,Apparel & Accessories > Jewelry > Bracelets,Bracelet,"Bracelet, Garnet, POS",false,Color,garnet,product.metafields.shopify.color-pattern,,,,,,,,0.0,shopify,deny,manual,829.00,,true,true,,,,,"",https://cdn.shopify.com/s/files/1/0664/7198/5288/files/garnet-diamond-hand-product.jpg?v=1750199818,1,Diamond,false,,,,,adult,,,,,,,,,,,,"<p>Handmade with care, our XO bracelets feature a 6.25"" stretch cord for a comfortable fit. Crafted with the highest quality gemstones, each piece is unique, with natural variations in color. Choose from a 14kt yellow gold charm or 14kt gold with VS1 diamonds for a touch of elegance. <a href=""#"" style=""text-decoration:underline;text-underline-offset:3px;"">Custom sizes available upon request.</a></p>","Vitality, Passion, Power",,,malachite-diamond,Wear This For Your Power,,,adults,beaded,garnet,,diamond,imitation-jewelry; fine-jewelry,unisex,,,,,,lb,,,archived
garnet-with-lab-diamonds,,,,,,,,,,,,,,,,,,,,,,,,,,,,,,,https://cdn.shopify.com/s/files/1/0664/7198/5288/files/Garnet2_1.png?v=1739874913,2,"",,,,,,,,,,,,,,,,,,,,,,,,,,,,,,,,,,,,,,,,,
pearls-with-lab-diamonds,Pearls with Lab Diamonds,"<p><span>Pearls are timeless symbols of grace and wisdom, formed through patience and resilience. Wear this bracelet as a celebration of your elegance and inner strength, a reminder that beauty shines brightest from within.</span></p>",XO Maria Louise,Apparel & Accessories > Jewelry > Bracelets,Bracelet,"Bracelet, Pearl, POS",false,Color,pearl,product.metafields.shopify.color-pattern,,,,,,,,0.0,shopify,deny,manual,649.00,,true,true,,,,,"",https://cdn.shopify.com/s/files/1/0664/7198/5288/files/pearls-hand-product.jpg?v=1740157771,1,"",false,,,,,adult,,,,,,,,,,,,"<p>Handmade with care, our XO bracelets feature a 6.25"" stretch cord for a comfortable fit. Crafted with the highest quality gemstones, each piece is unique, with natural variations in color. Choose from a 14kt yellow gold charm or 14kt gold with VS1 diamonds for a touch of elegance. <a href=""#"" style=""text-decoration:underline;text-underline-offset:3px;"">Custom sizes available upon request.</a></p>","Grace, Wisdom, Resilience",,,amethyst-love-dove,Wear This for Elegance,,,adults,beaded,pearl,,diamond,fine-jewelry,female,,,,,,lb,,,archived
pearls-with-lab-diamonds,,,,,,,,,,,,,,,,,,,,,,,,,,,,,,,https://cdn.shopify.com/s/files/1/0664/7198/5288/files/pearl_faeb82ab-6d03-4abd-a1af-d4ad88d88454.jpg?v=1748490146,2,"",,,,,,,,,,,,,,,,,,,,,,,,,,,,,,,,,,,,,,,,,
tanzanite-with-lab-diamonds,Tanzanite with Lab Diamonds,"<style type=""text/css""><!--td {border: 1px solid #cccccc;}br {mso-data-placement:same-cell;}--></style>
<p><span data-sheets-root=""1"">Tanzanite represents transformation and growth. Wear it as a symbol of your journey to embrace change, evolve, and step into the fullest version of yourself.</span></p>",XO Maria Louise,Apparel & Accessories > Jewelry > Bracelets,Bracelet,"Bracelet, POS, Tanzanite",false,Color,grey-tanzanite,product.metafields.shopify.color-pattern,,,,,,,,0.0,shopify,deny,manual,789.00,,true,true,,,,,"",https://cdn.shopify.com/s/files/1/0664/7198/5288/files/Tanzanite-diamond-hand-product.jpg?v=1757692176,1,"",false,,,,,adult,,,,,,,,,,,,"<p>Handmade with care, our XO bracelets feature a 6.25"" stretch cord for a comfortable fit. Crafted with the highest quality gemstones, each piece is unique, with natural variations in color. Choose from a 14kt yellow gold charm or 14kt gold with VS1 diamonds for a touch of elegance. <a href=""#"" style=""text-decoration:underline;text-underline-offset:3px;"">Custom sizes available upon request.</a></p>","Clarity, Courage, Transformation",,,citrine-14k-gold,Wear This To Evolve,,,adults,beaded,grey-tanzanite,,diamond,fine-jewelry,unisex,,,,,,lb,,,archived
tanzanite-with-lab-diamonds,,,,,,,,,,,,,,,,,,,,,,,,,,,,,,,https://cdn.shopify.com/s/files/1/0664/7198/5288/files/Tanzanite_b7569ac8-4c04-4b3b-9311-a032f8622133.jpg?v=1757692176,2,"",,,,,,,,,,,,,,,,,,,,,,,,,,,,,,,,,,,,,,,,,
tanzanite-with-lab-diamonds,,,,,,,,,,,,,,,,,,,,,,,,,,,,,,,https://cdn.shopify.com/s/files/1/0664/7198/5288/files/Tanzanite2_a4411c8d-cb13-477b-8739-dc9c7908cd8f.jpg?v=1753961020,3,"",,,,,,,,,,,,,,,,,,,,,,,,,,,,,,,,,,,,,,,,,
sapphire-1,Sapphire with Lab Diamond,"<p>Sapphire is the gemstone of wisdom and clarity, inspiring you to trust your intuition and make decisions with confidence. Wear this bracelet as a symbol of your inner strength and the brilliance of your unique journey.</p>",XO Maria Louise,Apparel & Accessories > Jewelry > Bracelets,Bracelet,"Bracelet, POS, Sapphire",false,Color,sapphire,product.metafields.shopify.color-pattern,,,,,,,,0.0,shopify,deny,manual,759.00,,true,true,,,,,"",https://cdn.shopify.com/s/files/1/0664/7198/5288/files/Sapphire-hand-product-diamond_9c961bcf-50b1-418f-b0d7-0fb0302920ec.jpg?v=1743224509,1,"",false,,,,,,,,,,,,,,,,,"<p>Handmade with care, our XO bracelets feature a 6.25"" stretch cord for a comfortable fit. Crafted with the highest quality gemstones, each piece is unique, with natural variations in color. Choose from a 14kt yellow gold charm or 14kt gold with VS1 diamonds for a touch of elegance. <a href=""#"" style=""text-decoration:underline;text-underline-offset:3px;"">Custom sizes available upon request.</a></p>","Discipline, Clarity, Focus",,,citrine-14k-gold,Wear This for Intuition,,,,,sapphire,,,,,,,,,,lb,,,archived
sapphire-1,,,,,,,,,,,,,,,,,,,,,,,,,,,,,,,https://cdn.shopify.com/s/files/1/0664/7198/5288/files/Sapphire.jpg?v=1743224509,2,"",,,,,,,,,,,,,,,,,,,,,,,,,,,,,,,,,,,,,,,,,
ruby-w-lab-diamond,Ruby with Lab Diamonds,"<p><span>Ruby is the gemstone of passion, igniting your inner fire and empowering you to pursue your dreams with courage and confidence. Wear this bracelet as a reminder of your bold, vibrant spirit and your ability to light up the world.</span></p>",XO Maria Louise,Apparel & Accessories > Jewelry > Bracelets,Bracelet,"Bracelet, POS, Ruby",false,Color,ruby,product.metafields.shopify.color-pattern,,,,,,,,0.0,shopify,deny,manual,759.00,,true,true,,,,,"",https://cdn.shopify.com/s/files/1/0664/7198/5288/files/Diamond_97a568e6-a889-4858-a576-b2c2c89b7129.jpg?v=1753952806,1,"",false,,,,,adult,,,,,,,,,,,,"<p>Handmade with care, our XO bracelets feature a 6.25"" stretch cord for a comfortable fit. Crafted with the highest quality gemstones, each piece is unique, with natural variations in color. Choose from a 14kt yellow gold charm or 14kt gold with VS1 diamonds for a touch of elegance. <a href=""#"" style=""text-decoration:underline;text-underline-offset:3px;"">Custom sizes available upon request.</a></p>","Confidence, Passion, Desire",,,blue-sapphire-diamond,Wear This For Confidence,,,adults,beaded,ruby,,diamond,fine-jewelry,unisex,,,,,,lb,,,archived
ruby-w-lab-diamond,,,,,,,,,,,,,,,,,,,,,,,,,,,,,,,https://cdn.shopify.com/s/files/1/0664/7198/5288/files/Ruby-hand-product.jpg?v=1757036410,2,"",,,,,,,,,,,,,,,,,,,,,,,,,,,,,,,,,,,,,,,,,
ruby-w-lab-diamond,,,,,,,,,,,,,,,,,,,,,,,,,,,,,,,https://cdn.shopify.com/s/files/1/0664/7198/5288/files/ruby1.jpg?v=1757036178,3,"",,,,,,,,,,,,,,,,,,,,,,,,,,,,,,,,,,,,,,,,,
ruby-w-lab-diamond,,,,,,,,,,,,,,,,,,,,,,,,,,,,,,,https://cdn.shopify.com/s/files/1/0664/7198/5288/files/ruby.jpg?v=1757036178,4,"",,,,,,,,,,,,,,,,,,,,,,,,,,,,,,,,,,,,,,,,,
sapphire,Sapphire- Diamond,"<p><strong>SAPPHIRE</strong> sharpens your mind and centers your energy. This stone fuels discipline, clears distraction, and helps you move with unshakable <strong>CLARITY</strong>. Wear this when it’s time to lock in and lead.</p>",XO Maria Louise,Apparel & Accessories > Jewelry > Bracelets,Bracelet,Bracelet,false,Color,sapphire,product.metafields.shopify.color-pattern,,,,,,,,0.0,shopify,deny,manual,1149.00,,true,true,,,,,"",https://cdn.shopify.com/s/files/1/0664/7198/5288/files/Sapphire-hand-product-diamond.jpg?v=1740157743,1,"",false,,,,,adult,,,,,,,,,,,,"<p>Handmade with care, our XO bracelets feature a 6.25"" stretch cord for a comfortable fit. Crafted with the highest quality gemstones, each piece is unique, with natural variations in color. Choose from a 14kt yellow gold charm or 14kt gold with VS1 diamonds for a touch of elegance. <a href=""#"" style=""text-decoration:underline;text-underline-offset:3px;"">Custom sizes available upon request.</a></p>","Discipline, Clarity, Focus",,,amethyst-love-dove,Wear This to Lock In,,,adults,beaded,sapphire,,diamond,,,,,,,,lb,,,archived
sapphire,,,,,,,,,,,,,,,,,,,,,,,,,,,,,,,https://cdn.shopify.com/s/files/1/0664/7198/5288/files/Sapphire.jpg?v=1743224509,2,"",,,,,,,,,,,,,,,,,,,,,,,,,,,,,,,,,,,,,,,,,
sapphire,,,,,,,,,,,,,,,,,,,,,,,,,,,,,,,https://cdn.shopify.com/s/files/1/0664/7198/5288/files/Sapphire-hand-product-diamond_9c961bcf-50b1-418f-b0d7-0fb0302920ec.jpg?v=1743224509,3,"",,,,,,,,,,,,,,,,,,,,,,,,,,,,,,,,,,,,,,,,,
amethyst,The Wisdom Bracelet - 14k Gold,"<blockquote></blockquote>
<p><strong>AMETHYST</strong> raises your frequency. This gemstone sharpens your intuition and calms your spirit, helping you move with <strong>WISDOM</strong> and grace. Wear it to access the higher version of you—the one who already knows.</p>",XO Maria Louise,Apparel & Accessories > Jewelry > Bracelets,Bracelet,Bracelet,true,Color,purple,product.metafields.shopify.color-pattern,,,,,,,"",0.0,shopify,deny,manual,259.00,,true,true,,,,,"",https://cdn.shopify.com/s/files/1/0664/7198/5288/files/XO_bd2a11b3-6826-4c48-8d24-023ec72b1b2b.jpg?v=1753953151,1,"",false,,,,,,,,,,,,,,,,,"<p>Handmade with care, our XO bracelets feature a 6.25"" stretch cord for a comfortable fit. Crafted with the highest quality gemstones, each piece is unique, with natural variations in color. Choose from a 14kt yellow gold charm or 14kt gold with VS1 diamonds for a touch of elegance. <a href=""#"" style=""text-decoration:underline;text-underline-offset:3px;"">Custom sizes available upon request.</a></p>","Intuition, Wisdom, Calm",,,garnet-with-lab-diamonds,Wear This For Your Highest Self,,,,xo; love-dove,purple,,14-k-gold,fine-jewelry,,,,,,,lb,,,active
amethyst,,,,,,,,,,,,,,,,,,,,,,,,,,,,,,,https://cdn.shopify.com/s/files/1/0664/7198/5288/files/Amethyst_9cb0d5a4-1081-496a-b358-8e7208b1a581.jpg?v=1754451528,2,"",,,,,,,,,,,,,,,,,,,,,,,,,,,,,,,,,,,,,,,,,
amethyst,,,,,,,,,,,,,,,,,,,,,,,,,,,,,,,https://cdn.shopify.com/s/files/1/0664/7198/5288/files/Amethyst-hand-product.jpg?v=1754451528,3,"",,,,,,,,,,,,,,,,,,,,,,,,,,,,,,,,,,,,,,,,,
pearls-14k-gold,Pearls - 14k Gold,"<p><span><strong>PEARLS</strong> are timeless symbols of <strong>GRACE</strong> and <strong>WISDOM</strong>, formed through patience and resilience. Wear this bracelet as a celebration of your elegance and inner strength, a reminder that beauty shines brightest from within.</span></p>",XO Maria Louise,Apparel & Accessories > Jewelry > Bracelets,Bracelet,Bracelet,false,Color,pearl,product.metafields.shopify.color-pattern,,,,,,,,0.0,shopify,deny,manual,425.00,,true,true,,,,,"",https://cdn.shopify.com/s/files/1/0664/7198/5288/files/xo-pearl.jpg?v=1748490146,1,XO,false,,,,,adult,,,,,,,,,,,,"<p>Handmade with care, our XO bracelets feature a 6.25"" stretch cord for a comfortable fit. Crafted with the highest quality gemstones, each piece is unique, with natural variations in color. Choose from a 14kt yellow gold charm or 14kt gold with VS1 diamonds for a touch of elegance. <a href=""#"" style=""text-decoration:underline;text-underline-offset:3px;"">Custom sizes available upon request.</a></p>","Grace, Wisdom, Resilience",,,amethyst,Wear This for Elegance,,,adults,beaded,pearl,,14-k-gold,fine-jewelry,female,,,,,,lb,,,archived
garnet,The Purpose Bracelet - 14k Gold,"<p><strong>RED GARNET </strong>lights a fire under your <strong>PURPOSE</strong>. This bracelet grounds you in your truth, fuels your vitality, and energizes your path forward. Wear it to reconnect with your power, your passion, and your unshakable will.</p>",XO Maria Louise,Apparel & Accessories > Jewelry > Charms & Pendants,Bracelet,Bracelet,true,Color,garnet,product.metafields.shopify.color-pattern,,,,,,,,0.0,shopify,deny,manual,399.00,,true,true,,,,,"",https://cdn.shopify.com/s/files/1/0664/7198/5288/files/XO_248df787-d96d-439e-8274-bffaa0ae146c.jpg?v=1753952582,1,"",false,,,,,adult,,,,,,,,,,,,"<p>Handmade with care, our XO bracelets feature a 6.25"" stretch cord for a comfortable fit. Crafted with the highest quality gemstones, each piece is unique, with natural variations in color. Choose from a 14kt yellow gold charm or 14kt gold with VS1 diamonds for a touch of elegance. <a href=""#"" style=""text-decoration:underline;text-underline-offset:3px;"">Custom sizes available upon request.</a></p>","Vitality, Passion, Power",,,blue-sapphire-with-diamonds-and-gold-balls,Wear This For Your Power,,,adults,,garnet,,14-k-gold,fine-jewelry,unisex,,,,,,lb,,,active
garnet,,,,,,,,,,,,,,,,,,,,,,,,,,,,,,,https://cdn.shopify.com/s/files/1/0664/7198/5288/files/Garnet2_dc09032e-e653-4233-9dcd-92aff6b4f454.jpg?v=1757036504,2,14k Gold,,,,,,,,,,,,,,,,,,,,,,,,,,,,,,,,,,,,,,,,,
garnet,,,,,,,,,,,,,,,,,,,,,,,,,,,,,,,https://cdn.shopify.com/s/files/1/0664/7198/5288/files/Garnet-24k-hand-product.jpg?v=1757036504,3,14k Gold,,,,,,,,,,,,,,,,,,,,,,,,,,,,,,,,,,,,,,,,,
garnet,,,,,,,,,,,,,,,,,,,,,,,,,,,,,,,https://cdn.shopify.com/s/files/1/0664/7198/5288/files/IMG_9365.jpg?v=1751410331,4,"",,,,,,,,,,,,,,,,,,,,,,,,,,,,,,,,,,,,,,,,,
tanzanite,The Rebirth Bracelet - Diamond,"<p><span data-sheets-root=""1""><strong>TANZANITE</strong> doesn’t wait for permission. It pushes you into the next chapter with courage, and high-vibe energy. Wear it when you’re ready to <strong>TRANSFORM</strong>, speak up, and step into your power.</span></p>",XO Maria Louise,Apparel & Accessories > Jewelry > Charms & Pendants,Bracelet,"Bracelet, New Arrivals, Tanzanite",true,Color,grey-tanzanite,product.metafields.shopify.color-pattern,,,,,,,,0.0,shopify,deny,manual,1049.00,,true,true,,,,,"",https://cdn.shopify.com/s/files/1/0664/7198/5288/files/Diamond_d0fb2228-08f4-4a1e-8738-ba7cc971d574.jpg?v=1753961020,1,"",false,,,,,,,,,,,,,,,,,"<p>Handmade with care, our XO bracelets feature a 6.25"" stretch cord for a comfortable fit. Crafted with the highest quality gemstones, each piece is unique, with natural variations in color. Choose from a 14kt yellow gold charm or 14kt gold with VS1 diamonds for a touch of elegance. <a href=""#"" style=""text-decoration:underline;text-underline-offset:3px;"">Custom sizes available upon request.</a></p>","Clarity, Courage, Transformation",,,amethyst-love-dove,Wear This to Transform,,,,,grey-tanzanite,,diamond,fine-jewelry,,,,,,,lb,,,active
tanzanite,,,,,,,,,,,,,,,,,,,,,,,,,,,,,,,https://cdn.shopify.com/s/files/1/0664/7198/5288/files/IMG_1599_2.jpg?v=1757690790,2,"",,,,,,,,,,,,,,,,,,,,,,,,,,,,,,,,,,,,,,,,,
tanzanite,,,,,,,,,,,,,,,,,,,,,,,,,,,,,,,https://cdn.shopify.com/s/files/1/0664/7198/5288/files/IMG_2447.jpg?v=1757692176,3,"",,,,,,,,,,,,,,,,,,,,,,,,,,,,,,,,,,,,,,,,,
tanzanite,,,,,,,,,,,,,,,,,,,,,,,,,,,,,,,https://cdn.shopify.com/s/files/1/0664/7198/5288/files/Tanzanite-diamond-hand-product.jpg?v=1757692176,4,"",,,,,,,,,,,,,,,,,,,,,,,,,,,,,,,,,,,,,,,,,
rainbow-tourmaline,The Peace Bracelet - 14k Gold XO,"<p><span data-sheets-root=""1""><strong>RAINBOW TOURMALINE</strong> is the gemstone of <strong>HARMONY </strong>and <strong>BALANCE</strong>, aligning your energy and helping you find peace amidst life’s chaos. Wear this bracelet as a reminder of your ability to stay grounded, centered, and strong no matter what comes your way.</span></p>",XO Maria Louise,Apparel & Accessories > Jewelry > Bracelets,Bracelet,Bracelet,true,Color,rainbow-tourmaline,product.metafields.shopify.color-pattern,,,,,,,,0.0,shopify,deny,manual,319.00,,true,true,,,,,"",https://cdn.shopify.com/s/files/1/0664/7198/5288/files/XO_2613075d-69cd-47f4-9ecf-460aeed88bc0.jpg?v=1753951822,1,"",false,,,,,adult,,,,,,,,,,,,"<p>Handmade with care, our XO bracelets feature a 6.25"" stretch cord for a comfortable fit. Crafted with the highest quality gemstones, each piece is unique, with natural variations in color. Choose from a 14kt yellow gold charm or 14kt gold with VS1 diamonds for a touch of elegance. <a href=""#"" style=""text-decoration:underline;text-underline-offset:3px;"">Custom sizes available upon request.</a></p>","Harmony, Balance, Strength",,,blue-sapphire-diamond,Wear This For Balance,,'1,adults,beaded,rainbow-tourmaline,,14-k-gold,imitation-jewelry,unisex,,,,,,lb,,,active
rainbow-tourmaline,,,,,,,,,,,,,,,,,,,,,,,,,,,,,,,https://cdn.shopify.com/s/files/1/0664/7198/5288/files/rainbow-hand-product.jpg?v=1753951822,2,"",,,,,,,,,,,,,,,,,,,,,,,,,,,,,,,,,,,,,,,,,
rose-quartz,The Self-Love Bracelet - 14k Gold XO,"<p><span data-sheets-root=""1""><strong>ROSE QUARTZ</strong> opens your heart without asking for permission. It reminds you to <strong>LOVE</strong> yourself fully, forgive deeply, and lead with compassion. Wear it as a daily act of self-love—and watch how the world reflects it back.</span></p>",XO Maria Louise,Apparel & Accessories > Jewelry > Charms & Pendants,Bracelet,Bracelet,true,Color,rose-quartz,product.metafields.shopify.color-pattern,,,,,,,,0.0,shopify,deny,manual,249.00,,true,true,,,,,"",https://cdn.shopify.com/s/files/1/0664/7198/5288/files/XO_d6cd7199-a4d7-45fc-a550-2e36497541a0.jpg?v=1753952022,1,"",false,,,,,adult,,,,,,,,,,,,"<p>Handmade with care, our XO bracelets feature a 6.25"" stretch cord for a comfortable fit. Crafted with the highest quality gemstones, each piece is unique, with natural variations in color. Choose from a 14kt yellow gold charm or 14kt gold with VS1 diamonds for a touch of elegance. <a href=""#"" style=""text-decoration:underline;text-underline-offset:3px;"">Custom sizes available upon request.</a></p>","Self-Love, Compassion, Forgiveness",,,amethyst,Wear This For Self Love,,,all-ages,,rose-quartz,,14-k-gold,,unisex,,,,,https://cdn.shopify.com/s/files/1/0664/7198/5288/files/Rose-Quartz-hand-product.jpg?v=1757036154,lb,,,active
rose-quartz,,,,,,,,,,,,,,,,,,,,,,,,,,,,,,,https://cdn.shopify.com/s/files/1/0664/7198/5288/files/Rose_c8564269-2d33-4629-88b8-9ad0505135a6.jpg?v=1757036154,2,"",,,,,,,,,,,,,,,,,,,,,,,,,,,,,,,,,,,,,,,,,
rose-quartz,,,,,,,,,,,,,,,,,,,,,,,,,,,,,,,https://cdn.shopify.com/s/files/1/0664/7198/5288/files/IMG_2106.jpg?v=1757036154,3,"",,,,,,,,,,,,,,,,,,,,,,,,,,,,,,,,,,,,,,,,,
rose-quartz,,,,,,,,,,,,,,,,,,,,,,,,,,,,,,,https://cdn.shopify.com/s/files/1/0664/7198/5288/files/Rose-Quartz-hand-product.jpg?v=1757036154,4,"",,,,,,,,,,,,,,,,,,,,,,,,,,,,,,,,,,,,,,,,,
malachite-1,The Empowered Bracelet - 14k Gold,"<p><span><strong>MALACHITE</strong> doesn't ask—it insists. This gemstone clears what no longer serves you and fuels your rise. Wear this bracelet when you’re ready to break cycles, heal forward, and lead with <strong>EMPOWERED </strong>truth. You didn’t come this far to play small—you came to win.</span></p>",XO Maria Louise,Apparel & Accessories > Jewelry > Bracelets,Bracelet,Bracelet,true,Color,malachite,product.metafields.shopify.color-pattern,,,,,,,,0.0,shopify,deny,manual,369.00,,true,true,,,,,"",https://cdn.shopify.com/s/files/1/0664/7198/5288/files/XO_62e2f434-99ae-4f82-880b-85df1cbe0385.jpg?v=1753952910,1,"",false,,,,,adult,,,,,,,,,,,,"<p>Handmade with care, our XO bracelets feature a 6.25"" stretch cord for a comfortable fit. Crafted with the highest quality gemstones, each piece is unique, with natural variations in color. Choose from a 14kt yellow gold charm or 14kt gold with VS1 diamonds for a touch of elegance. <a href=""#"" style=""text-decoration:underline;text-underline-offset:3px;"">Custom sizes available upon request.</a></p>","Transformation, Healing, Empowerment",,,grey-tanzanite-gold,Wear This for Empowerment,,,adults,beaded,malachite,,gold-1,fine-jewelry,unisex,,,,,,lb,,,active
malachite-1,,,,,,,,,,,,,,,,,,,,,,,,,,,,,,,https://cdn.shopify.com/s/files/1/0664/7198/5288/files/Malachite2.jpg?v=1757036981,2,Diamond,,,,,,,,,,,,,,,,,,,,,,,,,,,,,,,,,,,,,,,,,
malachite-1,,,,,,,,,,,,,,,,,,,,,,,,,,,,,,,https://cdn.shopify.com/s/files/1/0664/7198/5288/files/malachite-14k-hand-product.jpg?v=1757036266,3,14k Gold,,,,,,,,,,,,,,,,,,,,,,,,,,,,,,,,,,,,,,,,,
malachite-1,,,,,,,,,,,,,,,,,,,,,,,,,,,,,,,https://cdn.shopify.com/s/files/1/0664/7198/5288/files/Malachite-14k.jpg?v=1757036266,4,14k Gold,,,,,,,,,,,,,,,,,,,,,,,,,,,,,,,,,,,,,,,,,
kyanite-1,The Motivation Bracelet - 14k Gold,"<p><strong style=""font-size: 0.875rem;"">KYANITE</strong><span style=""font-size: 0.875rem;""> cuts through the noise and sharpens your <strong>FOCUS.</strong> Wear this gemstone when you need direction, drive, and the strength to keep going. It doesn’t just balance your energy—it fuels your </span><strong style=""font-size: 0.875rem;"">PERSEVERANCE</strong><span style=""font-size: 0.875rem;""> and moves you forward with purpose. Let it guide your next bold step. </span><br></p>",XO Maria Louise,Apparel & Accessories > Jewelry > Charms & Pendants,Bracelet,Bracelet,true,Color,kyanite,product.metafields.shopify.color-pattern,,,,,,,,0.0,shopify,deny,manual,349.00,,true,true,,,,,"",https://cdn.shopify.com/s/files/1/0664/7198/5288/files/XO_eca0e1e2-d70f-409e-808e-4730e24704f3.jpg?v=1753964859,1,"",false,,,,,adult,,,,,,,,,,,,"<p>Handmade with care, our XO bracelets feature a 6.25"" stretch cord for a comfortable fit. Crafted with the highest quality gemstones, each piece is unique, with natural variations in color. Choose from a 14kt yellow gold charm or 14kt gold with VS1 diamonds for a touch of elegance. <a href=""#"" style=""text-decoration:underline;text-underline-offset:3px;"">Custom sizes available upon request.</a></p>","Focus, Drive, Perseverance",,,citrine-14k-gold,Wear for Bold Focus,,,adults,,kyanite,,diamond,imitation-jewelry,unisex,,,,,,lb,,,active
kyanite-1,,,,,,,,,,,,,,,,,,,,,,,,,,,,,,,https://cdn.shopify.com/s/files/1/0664/7198/5288/files/kyanite-14k-body.jpg?v=1757036194,2,14k Gold,,,,,,,,,,,,,,,,,,,,,,,,,,,,,,,,,,,,,,,,,
kyanite-1,,,,,,,,,,,,,,,,,,,,,,,,,,,,,,,https://cdn.shopify.com/s/files/1/0664/7198/5288/files/kyanite-14k-hand-product.jpg?v=1757036194,3,14k Gold,,,,,,,,,,,,,,,,,,,,,,,,,,,,,,,,,,,,,,,,,
kyanite-1,,,,,,,,,,,,,,,,,,,,,,,,,,,,,,,https://cdn.shopify.com/s/files/1/0664/7198/5288/files/Kyanite-14k_3706413d-04a7-4053-aef1-1c71b613e425.jpg?v=1757036194,4,14k Gold,,,,,,,,,,,,,,,,,,,,,,,,,,,,,,,,,,,,,,,,,
ruby,The Passion Bracelet - Diamond,"<p><span><strong>RUBY</strong> doesn’t whisper—it roars. This bracelet charges your <strong>CONFIDENCE</strong>, turns up the heat on your desires, and dares you to go after what sets your soul on fire. Wear it when you’re ready to pursue all of your<strong> PASSIONS</strong>.</span></p>",XO Maria Louise,Apparel & Accessories > Jewelry > Bracelets,Bracelet,Bracelet,true,Color,ruby,product.metafields.shopify.color-pattern,,,,,,,,0.0,shopify,deny,manual,1149.00,,true,true,,,,,"",https://cdn.shopify.com/s/files/1/0664/7198/5288/files/Diamond.jpg?v=1753952495,1,"",false,Ruby Gemstone Bracelet,,,,adult,,,,,,,,,,,,"<p>Handmade with care, our XO bracelets feature a 6.25"" stretch cord for a comfortable fit. Crafted with the highest quality gemstones, each piece is unique, with natural variations in color. Choose from a 14kt yellow gold charm or 14kt gold with VS1 diamonds for a touch of elegance. <a href=""#"" style=""text-decoration:underline;text-underline-offset:3px;"">Custom sizes available upon request.</a></p>","Confidence, Passion, Desire",,,citrine-14k-gold,Wear This For Confidence,,,adults,beaded,ruby,,diamond,imitation-jewelry,unisex,,,,,,lb,,,active
ruby,,,,,,,,,,,,,,,,,,,,,,,,,,,,,,,https://cdn.shopify.com/s/files/1/0664/7198/5288/files/ruby.jpg?v=1757036178,2,"",,,,,,,,,,,,,,,,,,,,,,,,,,,,,,,,,,,,,,,,,
ruby,,,,,,,,,,,,,,,,,,,,,,,,,,,,,,,https://cdn.shopify.com/s/files/1/0664/7198/5288/files/IMG_1599_2.jpg?v=1757690790,3,"",,,,,,,,,,,,,,,,,,,,,,,,,,,,,,,,,,,,,,,,,
ruby,,,,,,,,,,,,,,,,,,,,,,,,,,,,,,,https://cdn.shopify.com/s/files/1/0664/7198/5288/files/Ruby-hand-product.jpg?v=1757036410,4,"",,,,,,,,,,,,,,,,,,,,,,,,,,,,,,,,,,,,,,,,,
